Sno,Date,Time,State/ UnionTerritory,Confirmed Indian National,Confirmed Foreign National,Cured,Deaths,Confirmed
366,26-03-2020,06:00 PM,Andaman and Nicobar Islands,1,0,0,0,1
393,27-03-2020,10:00 AM,Andaman and Nicobar Islands,1,0,0,0,1
421,28-03-2020,06:00 PM,Andaman and Nicobar Islands,6,0,0,0,6
448,29-03-2020,07:30 PM,Andaman and Nicobar Islands,0,0,0,0,9
475,30-03-2020,09:30 PM,Andaman and Nicobar Islands,0,0,0,0,9
503,31-03-2020,08:30 PM,Andaman and Nicobar Islands,0,0,0,0,10
531,01-04-2020,07:30 PM,Andaman and Nicobar Islands,0,0,1,0,10
122,12-03-2020,06:00 PM,Andhra Pradesh,1,0,0,0,1
135,13-03-2020,06:00 PM,Andhra Pradesh,1,0,0,0,1
148,14-03-2020,06:00 PM,Andhra Pradesh,1,0,0,0,1
149,15-03-2020,06:00 PM,Andhra Pradesh,1,0,0,0,1
163,16-03-2020,06:00 PM,Andhra Pradesh,1,0,0,0,1
178,17-03-2020,06:00 PM,Andhra Pradesh,1,0,0,0,1
193,18-03-2020,06:00 PM,Andhra Pradesh,1,0,0,0,1
210,19-03-2020,06:00 PM,Andhra Pradesh,2,0,0,0,2
229,20-03-2020,06:00 PM,Andhra Pradesh,3,0,0,0,3
249,21-03-2020,06:00 PM,Andhra Pradesh,3,0,0,0,3
271,22-03-2020,06:00 PM,Andhra Pradesh,5,0,0,0,5
294,23-03-2020,06:00 PM,Andhra Pradesh,7,0,0,0,7
317,24-03-2020,06:00 PM,Andhra Pradesh,8,0,0,0,8
341,25-03-2020,06:00 PM,Andhra Pradesh,9,0,1,0,9
367,26-03-2020,06:00 PM,Andhra Pradesh,11,0,1,0,11
394,27-03-2020,10:00 AM,Andhra Pradesh,12,0,1,0,12
420,28-03-2020,06:00 PM,Andhra Pradesh,14,0,1,0,14
447,29-03-2020,07:30 PM,Andhra Pradesh,0,0,1,0,19
474,30-03-2020,09:30 PM,Andhra Pradesh,0,0,1,0,23
502,31-03-2020,08:30 PM,Andhra Pradesh,0,0,1,0,40
530,01-04-2020,07:30 PM,Andhra Pradesh,0,0,0,0,83
532,01-04-2020,07:30 PM,Assam,0,0,0,0,1
272,22-03-2020,06:00 PM,Bihar,2,0,0,1,2
295,23-03-2020,06:00 PM,Bihar,2,0,0,1,2
318,24-03-2020,06:00 PM,Bihar,3,0,0,1,3
342,25-03-2020,06:00 PM,Bihar,4,0,0,1,4
368,26-03-2020,06:00 PM,Bihar,6,0,0,1,6
395,27-03-2020,10:00 AM,Bihar,6,0,0,1,6
422,28-03-2020,06:00 PM,Bihar,9,0,0,1,9
449,29-03-2020,07:30 PM,Bihar,0,0,0,1,11
476,30-03-2020,09:30 PM,Bihar,0,0,0,1,15
504,31-03-2020,08:30 PM,Bihar,0,0,0,1,15
533,01-04-2020,07:30 PM,Bihar,0,0,0,1,23
223,19-03-2020,06:00 PM,Chandigarh,1,0,0,0,1
243,20-03-2020,06:00 PM,Chandigarh,1,0,0,0,1
265,21-03-2020,06:00 PM,Chandigarh,1,0,0,0,1
288,22-03-2020,06:00 PM,Chandigarh,5,0,0,0,5
311,23-03-2020,06:00 PM,Chandigarh,6,0,0,0,6
335,24-03-2020,06:00 PM,Chandigarh,7,0,0,0,7
360,25-03-2020,06:00 PM,Chandigarh,7,0,0,0,7
369,26-03-2020,06:00 PM,Chandigarh,7,0,0,0,7
396,27-03-2020,10:00 AM,Chandigarh,7,0,0,0,7
423,28-03-2020,06:00 PM,Chandigarh,8,0,0,0,8
450,29-03-2020,07:30 PM,Chandigarh,0,0,0,0,8
477,30-03-2020,09:30 PM,Chandigarh,0,0,0,0,8
505,31-03-2020,08:30 PM,Chandigarh,0,0,0,0,13
534,01-04-2020,07:30 PM,Chandigarh,0,0,0,0,16
211,19-03-2020,06:00 PM,Chattisgarh,1,0,0,0,1
230,20-03-2020,06:00 PM,Chhattisgarh,1,0,0,0,1
250,21-03-2020,06:00 PM,Chhattisgarh,1,0,0,0,1
273,22-03-2020,06:00 PM,Chhattisgarh,1,0,0,0,1
296,23-03-2020,06:00 PM,Chhattisgarh,1,0,0,0,1
319,24-03-2020,06:00 PM,Chhattisgarh,1,0,0,0,1
343,25-03-2020,06:00 PM,Chhattisgarh,1,0,0,0,1
370,26-03-2020,06:00 PM,Chhattisgarh,6,0,0,0,6
397,27-03-2020,10:00 AM,Chhattisgarh,6,0,0,0,6
424,28-03-2020,06:00 PM,Chhattisgarh,6,0,0,0,6
451,29-03-2020,07:30 PM,Chhattisgarh,0,0,0,0,7
478,30-03-2020,09:30 PM,Chhattisgarh,0,0,0,0,7
506,31-03-2020,08:30 PM,Chhattisgarh,0,0,0,0,8
535,01-04-2020,07:30 PM,Chhattisgarh,0,0,2,0,9
35,02-03-2020,06:00 PM,Delhi,1,0,0,0,1
39,03-03-2020,06:00 PM,Delhi,1,0,0,0,1
43,04-03-2020,06:00 PM,Delhi,1,0,0,0,1
46,05-03-2020,06:00 PM,Delhi,2,0,0,0,2
52,06-03-2020,06:00 PM,Delhi,3,0,0,0,3
63,07-03-2020,06:00 PM,Delhi,3,0,0,0,3
72,08-03-2020,06:00 PM,Delhi,3,0,0,0,3
85,09-03-2020,06:00 PM,Delhi,4,0,0,0,4
88,10-03-2020,06:00 PM,Delhi,4,0,0,0,4
99,11-03-2020,06:00 PM,Delhi,5,0,0,0,5
110,12-03-2020,06:00 PM,Delhi,6,0,0,0,6
123,13-03-2020,06:00 PM,Delhi,6,0,0,0,6
136,14-03-2020,06:00 PM,Delhi,7,0,1,1,7
150,15-03-2020,06:00 PM,Delhi,7,0,2,1,7
164,16-03-2020,06:00 PM,Delhi,7,0,2,1,7
179,17-03-2020,06:00 PM,Delhi,8,0,2,1,8
194,18-03-2020,06:00 PM,Delhi,9,1,2,1,10
212,19-03-2020,06:00 PM,Delhi,11,1,3,1,12
231,20-03-2020,06:00 PM,Delhi,16,1,5,1,17
251,21-03-2020,06:00 PM,Delhi,25,1,5,1,26
274,22-03-2020,06:00 PM,Delhi,28,1,5,1,29
297,23-03-2020,06:00 PM,Delhi,28,1,5,1,29
320,24-03-2020,06:00 PM,Delhi,29,1,6,1,30
344,25-03-2020,06:00 PM,Delhi,30,1,6,1,31
371,26-03-2020,06:00 PM,Delhi,35,1,6,1,36
398,27-03-2020,10:00 AM,Delhi,35,1,6,1,36
425,28-03-2020,06:00 PM,Delhi,38,1,6,1,39
452,29-03-2020,07:30 PM,Delhi,0,0,6,2,49
479,30-03-2020,09:30 PM,Delhi,0,0,6,2,87
507,31-03-2020,08:30 PM,Delhi,0,0,6,2,97
536,01-04-2020,07:30 PM,Delhi,0,0,6,2,152
372,26-03-2020,06:00 PM,Goa,3,0,0,0,3
399,27-03-2020,10:00 AM,Goa,3,0,0,0,3
426,28-03-2020,06:00 PM,Goa,3,0,0,0,3
453,29-03-2020,07:30 PM,Goa,0,0,0,0,5
480,30-03-2020,09:30 PM,Goa,0,0,0,0,5
508,31-03-2020,08:30 PM,Goa,0,0,0,0,5
537,01-04-2020,07:30 PM,Goa,0,0,0,0,5
232,20-03-2020,06:00 PM,Gujarat,5,0,0,0,5
252,21-03-2020,06:00 PM,Gujarat,7,0,0,0,7
275,22-03-2020,06:00 PM,Gujarat,18,0,0,1,18
298,23-03-2020,06:00 PM,Gujarat,29,0,0,1,29
321,24-03-2020,06:00 PM,Gujarat,32,1,0,1,33
345,25-03-2020,06:00 PM,Gujarat,37,1,0,1,38
373,26-03-2020,06:00 PM,Gujarat,42,1,0,3,43
400,27-03-2020,10:00 AM,Gujarat,42,1,0,3,43
427,28-03-2020,06:00 PM,Gujarat,44,1,0,3,45
454,29-03-2020,07:30 PM,Gujarat,0,0,1,5,58
481,30-03-2020,09:30 PM,Gujarat,0,0,1,6,69
509,31-03-2020,08:30 PM,Gujarat,0,0,3,6,73
538,01-04-2020,07:30 PM,Gujarat,0,0,5,6,82
42,04-03-2020,06:00 PM,Haryana,0,2,0,0,2
47,05-03-2020,06:00 PM,Haryana,0,2,0,0,2
53,06-03-2020,06:00 PM,Haryana,0,2,0,0,2
64,07-03-2020,06:00 PM,Haryana,0,2,0,0,2
71,08-03-2020,06:00 PM,Haryana,0,2,0,0,2
84,09-03-2020,06:00 PM,Haryana,0,2,0,0,2
89,10-03-2020,06:00 PM,Haryana,0,2,0,0,2
100,11-03-2020,06:00 PM,Haryana,0,14,0,0,14
111,12-03-2020,06:00 PM,Haryana,0,14,0,0,14
124,13-03-2020,06:00 PM,Haryana,0,14,0,0,14
137,14-03-2020,06:00 PM,Haryana,0,14,0,0,14
151,15-03-2020,06:00 PM,Haryana,0,14,0,0,14
165,16-03-2020,06:00 PM,Haryana,0,14,0,0,14
180,17-03-2020,06:00 PM,Haryana,1,14,0,0,15
195,18-03-2020,06:00 PM,Haryana,3,14,0,0,17
213,19-03-2020,06:00 PM,Haryana,3,14,0,0,17
233,20-03-2020,06:00 PM,Haryana,3,14,0,0,17
253,21-03-2020,06:00 PM,Haryana,3,14,0,0,17
276,22-03-2020,06:00 PM,Haryana,7,14,0,0,21
299,23-03-2020,06:00 PM,Haryana,12,14,0,0,26
322,24-03-2020,06:00 PM,Haryana,14,14,11,0,28
346,25-03-2020,06:00 PM,Haryana,14,14,11,0,28
374,26-03-2020,06:00 PM,Haryana,16,14,11,0,30
401,27-03-2020,10:00 AM,Haryana,16,14,11,0,30
428,28-03-2020,06:00 PM,Haryana,19,14,12,0,33
455,29-03-2020,07:30 PM,Haryana,0,0,17,0,33
482,30-03-2020,09:30 PM,Haryana,0,0,18,0,36
510,31-03-2020,08:30 PM,Haryana,0,0,21,0,40
539,01-04-2020,07:30 PM,Haryana,0,0,21,0,43
254,21-03-2020,06:00 PM,Himachal Pradesh,2,0,0,0,2
277,22-03-2020,06:00 PM,Himachal Pradesh,2,0,0,0,2
300,23-03-2020,06:00 PM,Himachal Pradesh,2,0,0,0,2
323,24-03-2020,06:00 PM,Himachal Pradesh,3,0,0,1,3
347,25-03-2020,06:00 PM,Himachal Pradesh,3,0,0,1,3
375,26-03-2020,06:00 PM,Himachal Pradesh,3,0,0,1,3
402,27-03-2020,10:00 AM,Himachal Pradesh,3,0,0,1,3
429,28-03-2020,06:00 PM,Himachal Pradesh,3,0,0,1,3
456,29-03-2020,07:30 PM,Himachal Pradesh,0,0,0,1,3
483,30-03-2020,09:30 PM,Himachal Pradesh,0,0,0,1,3
511,31-03-2020,08:30 PM,Himachal Pradesh,0,0,0,1,3
540,01-04-2020,07:30 PM,Himachal Pradesh,0,0,0,1,3
82,09-03-2020,06:00 PM,Jammu and Kashmir,1,0,0,0,1
97,10-03-2020,06:00 PM,Jammu and Kashmir,1,0,0,0,1
107,11-03-2020,06:00 PM,Jammu and Kashmir,1,0,0,0,1
118,12-03-2020,06:00 PM,Jammu and Kashmir,1,0,0,0,1
131,13-03-2020,06:00 PM,Jammu and Kashmir,1,0,0,0,1
144,14-03-2020,06:00 PM,Jammu and Kashmir,2,0,0,0,2
159,15-03-2020,06:00 PM,Jammu and Kashmir,2,0,0,0,2
174,16-03-2020,06:00 PM,Jammu and Kashmir,3,0,0,0,3
189,17-03-2020,06:00 PM,Jammu and Kashmir,3,0,0,0,3
205,18-03-2020,06:00 PM,Jammu and Kashmir,3,0,0,0,3
224,19-03-2020,06:00 PM,Jammu and Kashmir,4,0,0,0,4
244,20-03-2020,06:00 PM,Jammu and Kashmir,4,0,0,0,4
266,21-03-2020,06:00 PM,Jammu and Kashmir,4,0,0,0,4
289,22-03-2020,06:00 PM,Jammu and Kashmir,4,0,0,0,4
312,23-03-2020,06:00 PM,Jammu and Kashmir,4,0,0,0,4
336,24-03-2020,06:00 PM,Jammu and Kashmir,4,0,0,0,4
361,25-03-2020,06:00 PM,Jammu and Kashmir,7,0,1,0,7
376,26-03-2020,06:00 PM,Jammu and Kashmir,13,0,1,0,13
403,27-03-2020,10:00 AM,Jammu and Kashmir,13,0,1,1,13
430,28-03-2020,06:00 PM,Jammu and Kashmir,20,0,1,1,20
457,29-03-2020,07:30 PM,Jammu and Kashmir,0,0,1,2,31
484,30-03-2020,09:30 PM,Jammu and Kashmir,0,0,2,2,48
512,31-03-2020,08:30 PM,Jammu and Kashmir,0,0,2,2,54
541,01-04-2020,07:30 PM,Jammu and Kashmir,0,0,2,2,62
542,01-04-2020,07:30 PM,Jharkhand,0,0,0,0,1
75,09-03-2020,06:00 PM,Karnataka,1,0,0,0,1
90,10-03-2020,06:00 PM,Karnataka,4,0,0,0,4
109,11-03-2020,06:00 PM,Karnataka,4,0,0,0,4
120,12-03-2020,06:00 PM,Karnataka,4,0,0,0,4
133,13-03-2020,06:00 PM,Karnataka,6,0,0,1,6
146,14-03-2020,06:00 PM,Karnataka,6,0,0,1,6
152,15-03-2020,06:00 PM,Karnataka,6,0,0,1,6
166,16-03-2020,06:00 PM,Karnataka,6,0,0,1,6
181,17-03-2020,06:00 PM,Karnataka,11,0,0,1,11
196,18-03-2020,06:00 PM,Karnataka,11,0,0,1,11
214,19-03-2020,06:00 PM,Karnataka,14,0,0,1,14
234,20-03-2020,06:00 PM,Karnataka,15,0,1,1,15
255,21-03-2020,06:00 PM,Karnataka,15,0,1,1,15
278,22-03-2020,06:00 PM,Karnataka,26,0,2,1,26
301,23-03-2020,06:00 PM,Karnataka,33,0,2,1,33
324,24-03-2020,06:00 PM,Karnataka,37,0,3,1,37
348,25-03-2020,06:00 PM,Karnataka,41,0,3,1,41
377,26-03-2020,06:00 PM,Karnataka,55,0,3,2,55
404,27-03-2020,10:00 AM,Karnataka,55,0,3,2,55
431,28-03-2020,06:00 PM,Karnataka,55,0,3,2,55
458,29-03-2020,07:30 PM,Karnataka,0,0,5,3,76
485,30-03-2020,09:30 PM,Karnataka,0,0,5,3,83
513,31-03-2020,08:30 PM,Karnataka,0,0,5,3,83
543,01-04-2020,07:30 PM,Karnataka,0,0,8,3,101
1,30-01-2020,06:00 PM,Kerala,1,0,0,0,1
2,31-01-2020,06:00 PM,Kerala,1,0,0,0,1
3,01-02-2020,06:00 PM,Kerala,2,0,0,0,2
4,02-02-2020,06:00 PM,Kerala,3,0,0,0,3
5,03-02-2020,06:00 PM,Kerala,3,0,0,0,3
6,04-02-2020,06:00 PM,Kerala,3,0,0,0,3
7,05-02-2020,06:00 PM,Kerala,3,0,0,0,3
8,06-02-2020,06:00 PM,Kerala,3,0,0,0,3
9,07-02-2020,06:00 PM,Kerala,3,0,0,0,3
10,08-02-2020,06:00 PM,Kerala,3,0,0,0,3
11,09-02-2020,06:00 PM,Kerala,3,0,0,0,3
12,10-02-2020,06:00 PM,Kerala,3,0,0,0,3
13,11-02-2020,06:00 PM,Kerala,3,0,0,0,3
14,12-02-2020,06:00 PM,Kerala,3,0,0,0,3
15,13-02-2020,06:00 PM,Kerala,3,0,0,0,3
16,14-02-2020,06:00 PM,Kerala,3,0,0,0,3
17,15-02-2020,06:00 PM,Kerala,3,0,0,0,3
18,16-02-2020,06:00 PM,Kerala,3,0,0,0,3
19,17-02-2020,06:00 PM,Kerala,3,0,0,0,3
20,18-02-2020,06:00 PM,Kerala,3,0,0,0,3
21,19-02-2020,06:00 PM,Kerala,3,0,0,0,3
22,20-02-2020,06:00 PM,Kerala,3,0,0,0,3
23,21-02-2020,06:00 PM,Kerala,3,0,0,0,3
24,22-02-2020,06:00 PM,Kerala,3,0,0,0,3
25,23-02-2020,06:00 PM,Kerala,3,0,0,0,3
26,24-02-2020,06:00 PM,Kerala,3,0,0,0,3
27,25-02-2020,06:00 PM,Kerala,3,0,0,0,3
28,26-02-2020,06:00 PM,Kerala,3,0,0,0,3
29,27-02-2020,06:00 PM,Kerala,3,0,0,0,3
30,28-02-2020,06:00 PM,Kerala,3,0,0,0,3
31,29-02-2020,06:00 PM,Kerala,3,0,0,0,3
32,01-03-2020,06:00 PM,Kerala,3,0,0,0,3
34,02-03-2020,06:00 PM,Kerala,3,0,0,0,3
38,03-03-2020,06:00 PM,Kerala,3,0,3,0,3
41,04-03-2020,06:00 PM,Kerala,3,0,3,0,3
48,05-03-2020,06:00 PM,Kerala,3,0,3,0,3
54,06-03-2020,06:00 PM,Kerala,3,0,3,0,3
58,07-03-2020,06:00 PM,Kerala,3,0,3,0,3
70,08-03-2020,06:00 PM,Kerala,8,0,3,0,8
76,09-03-2020,06:00 PM,Kerala,9,0,3,0,9
91,10-03-2020,06:00 PM,Kerala,15,0,3,0,15
101,11-03-2020,06:00 PM,Kerala,17,0,3,0,17
112,12-03-2020,06:00 PM,Kerala,17,0,3,0,17
125,13-03-2020,06:00 PM,Kerala,19,0,3,0,19
138,14-03-2020,06:00 PM,Kerala,19,0,3,0,19
153,15-03-2020,06:00 PM,Kerala,22,0,3,0,22
167,16-03-2020,06:00 PM,Kerala,23,0,3,0,23
182,17-03-2020,06:00 PM,Kerala,24,2,3,0,26
197,18-03-2020,06:00 PM,Kerala,25,2,3,0,27
215,19-03-2020,06:00 PM,Kerala,25,2,3,0,27
235,20-03-2020,06:00 PM,Kerala,26,2,3,0,28
256,21-03-2020,06:00 PM,Kerala,33,7,3,0,40
279,22-03-2020,06:00 PM,Kerala,45,7,3,0,52
302,23-03-2020,06:00 PM,Kerala,60,7,3,0,67
325,24-03-2020,06:00 PM,Kerala,87,8,4,0,95
349,25-03-2020,06:00 PM,Kerala,101,8,4,0,109
378,26-03-2020,06:00 PM,Kerala,110,8,6,0,118
405,27-03-2020,10:00 AM,Kerala,129,8,11,0,137
432,28-03-2020,06:00 PM,Kerala,168,8,11,0,176
459,29-03-2020,07:30 PM,Kerala,0,0,15,1,182
486,30-03-2020,09:30 PM,Kerala,0,0,19,1,202
514,31-03-2020,08:30 PM,Kerala,0,0,19,1,234
544,01-04-2020,07:30 PM,Kerala,0,0,23,2,241
60,07-03-2020,06:00 PM,Ladakh,2,0,0,0,2
66,08-03-2020,06:00 PM,Ladakh,2,0,0,0,2
74,09-03-2020,06:00 PM,Ladakh,2,0,0,0,2
87,10-03-2020,06:00 PM,Ladakh,2,0,0,0,2
105,11-03-2020,06:00 PM,Ladakh,2,0,0,0,2
116,12-03-2020,06:00 PM,Ladakh,3,0,0,0,3
129,13-03-2020,06:00 PM,Ladakh,3,0,0,0,3
142,14-03-2020,06:00 PM,Ladakh,3,0,0,0,3
160,15-03-2020,06:00 PM,Ladakh,3,0,0,0,3
175,16-03-2020,06:00 PM,Ladakh,4,0,0,0,4
190,17-03-2020,06:00 PM,Ladakh,6,0,0,0,6
206,18-03-2020,06:00 PM,Ladakh,8,0,0,0,8
225,19-03-2020,06:00 PM,Ladakh,8,0,0,0,8
245,20-03-2020,06:00 PM,Ladakh,10,0,0,0,10
267,21-03-2020,06:00 PM,Ladakh,13,0,0,0,13
290,22-03-2020,06:00 PM,Ladakh,13,0,0,0,13
313,23-03-2020,06:00 PM,Ladakh,13,0,0,0,13
337,24-03-2020,06:00 PM,Ladakh,13,0,0,0,13
362,25-03-2020,06:00 PM,Ladakh,13,0,0,0,13
379,26-03-2020,06:00 PM,Ladakh,13,0,0,0,13
406,27-03-2020,10:00 AM,Ladakh,13,0,3,0,13
433,28-03-2020,06:00 PM,Ladakh,13,0,3,0,13
460,29-03-2020,07:30 PM,Ladakh,0,0,3,0,13
487,30-03-2020,09:30 PM,Ladakh,0,0,3,0,13
515,31-03-2020,08:30 PM,Ladakh,0,0,3,0,13
545,01-04-2020,07:30 PM,Ladakh,0,0,3,0,13
257,21-03-2020,06:00 PM,Madhya Pradesh,4,0,0,0,4
280,22-03-2020,06:00 PM,Madhya Pradesh,4,0,0,0,4
303,23-03-2020,06:00 PM,Madhya Pradesh,6,0,0,0,6
326,24-03-2020,06:00 PM,Madhya Pradesh,7,0,0,0,7
350,25-03-2020,06:00 PM,Madhya Pradesh,14,0,0,0,14
380,26-03-2020,06:00 PM,Madhya Pradesh,20,0,0,1,20
407,27-03-2020,10:00 AM,Madhya Pradesh,20,0,0,1,20
434,28-03-2020,06:00 PM,Madhya Pradesh,30,0,0,2,30
461,29-03-2020,07:30 PM,Madhya Pradesh,0,0,0,2,30
488,30-03-2020,09:30 PM,Madhya Pradesh,0,0,0,3,47
516,31-03-2020,08:30 PM,Madhya Pradesh,0,0,0,3,47
546,01-04-2020,07:30 PM,Madhya Pradesh,0,0,0,3,66
77,09-03-2020,06:00 PM,Maharashtra,2,0,0,0,2
92,10-03-2020,06:00 PM,Maharashtra,5,0,0,0,5
98,11-03-2020,06:00 PM,Maharashtra,2,0,0,0,2
121,12-03-2020,06:00 PM,Maharashtra,11,0,0,0,11
134,13-03-2020,06:00 PM,Maharashtra,14,0,0,0,14
147,14-03-2020,06:00 PM,Maharashtra,14,0,0,0,14
154,15-03-2020,06:00 PM,Maharashtra,32,0,0,0,32
168,16-03-2020,06:00 PM,Maharashtra,32,0,0,0,32
183,17-03-2020,06:00 PM,Maharashtra,36,3,0,1,39
198,18-03-2020,06:00 PM,Maharashtra,39,3,0,1,42
216,19-03-2020,06:00 PM,Maharashtra,44,3,0,1,47
236,20-03-2020,06:00 PM,Maharashtra,49,3,0,1,52
258,21-03-2020,06:00 PM,Maharashtra,60,3,0,1,63
281,22-03-2020,06:00 PM,Maharashtra,64,3,0,2,67
304,23-03-2020,06:00 PM,Maharashtra,71,3,0,2,74
327,24-03-2020,06:00 PM,Maharashtra,86,3,0,2,89
351,25-03-2020,06:00 PM,Maharashtra,125,3,1,3,128
381,26-03-2020,06:00 PM,Maharashtra,121,3,1,3,124
408,27-03-2020,10:00 AM,Maharashtra,127,3,15,4,130
435,28-03-2020,06:00 PM,Maharashtra,177,3,25,5,180
462,29-03-2020,07:30 PM,Maharashtra,0,0,25,6,186
489,30-03-2020,09:30 PM,Maharashtra,0,0,25,8,198
517,31-03-2020,08:30 PM,Maharashtra,0,0,39,9,216
547,01-04-2020,07:30 PM,Maharashtra,0,0,39,9,302
328,24-03-2020,06:00 PM,Manipur,1,0,0,0,1
352,25-03-2020,06:00 PM,Manipur,1,0,0,0,1
382,26-03-2020,06:00 PM,Manipur,1,0,0,0,1
409,27-03-2020,10:00 AM,Manipur,1,0,0,0,1
436,28-03-2020,06:00 PM,Manipur,1,0,0,0,1
463,29-03-2020,07:30 PM,Manipur,0,0,0,0,1
490,30-03-2020,09:30 PM,Manipur,0,0,0,0,1
518,31-03-2020,08:30 PM,Manipur,0,0,0,0,1
548,01-04-2020,07:30 PM,Manipur,0,0,0,0,1
353,25-03-2020,06:00 PM,Mizoram,1,0,0,0,1
383,26-03-2020,06:00 PM,Mizoram,1,0,0,0,1
410,27-03-2020,10:00 AM,Mizoram,1,0,0,0,1
437,28-03-2020,06:00 PM,Mizoram,1,0,0,0,1
464,29-03-2020,07:30 PM,Mizoram,0,0,0,0,1
491,30-03-2020,09:30 PM,Mizoram,0,0,0,0,1
519,31-03-2020,08:30 PM,Mizoram,0,0,0,0,1
549,01-04-2020,07:30 PM,Mizoram,0,0,0,0,1
169,16-03-2020,06:00 PM,Odisha,1,0,0,0,1
184,17-03-2020,06:00 PM,Odisha,1,0,0,0,1
199,18-03-2020,06:00 PM,Odisha,1,0,0,0,1
217,19-03-2020,06:00 PM,Odisha,1,0,0,0,1
237,20-03-2020,06:00 PM,Odisha,2,0,0,0,2
259,21-03-2020,06:00 PM,Odisha,2,0,0,0,2
282,22-03-2020,06:00 PM,Odisha,2,0,0,0,2
305,23-03-2020,06:00 PM,Odisha,2,0,0,0,2
329,24-03-2020,06:00 PM,Odisha,2,0,0,0,2
354,25-03-2020,06:00 PM,Odisha,2,0,0,0,2
384,26-03-2020,06:00 PM,Odisha,2,0,0,0,2
411,27-03-2020,10:00 AM,Odisha,2,0,0,0,2
438,28-03-2020,06:00 PM,Odisha,3,0,0,0,3
465,29-03-2020,07:30 PM,Odisha,0,0,0,0,3
492,30-03-2020,09:30 PM,Odisha,0,0,0,0,3
520,31-03-2020,08:30 PM,Odisha,0,0,0,0,3
550,01-04-2020,07:30 PM,Odisha,0,0,0,0,4
200,18-03-2020,06:00 PM,Puducherry,1,0,0,0,1
218,19-03-2020,06:00 PM,Puducherry,1,0,0,0,1
238,20-03-2020,06:00 PM,Puducherry,1,0,0,0,1
260,21-03-2020,06:00 PM,Puducherry,1,0,0,0,1
283,22-03-2020,06:00 PM,Puducherry,1,0,0,0,1
306,23-03-2020,06:00 PM,Puducherry,1,0,0,0,1
330,24-03-2020,06:00 PM,Puducherry,1,0,0,0,1
355,25-03-2020,06:00 PM,Puducherry,1,0,0,0,1
385,26-03-2020,06:00 PM,Puducherry,1,0,0,0,1
412,27-03-2020,10:00 AM,Puducherry,1,0,0,0,1
439,28-03-2020,06:00 PM,Puducherry,1,0,0,0,1
466,29-03-2020,07:30 PM,Puducherry,0,0,0,0,1
493,30-03-2020,09:30 PM,Puducherry,0,0,0,0,1
521,31-03-2020,08:30 PM,Puducherry,0,0,0,0,1
551,01-04-2020,07:30 PM,Puducherry,0,0,1,0,3
78,09-03-2020,06:00 PM,Punjab,1,0,0,0,1
93,10-03-2020,06:00 PM,Punjab,1,0,0,0,1
108,11-03-2020,06:00 PM,Punjab,1,0,0,0,1
119,12-03-2020,06:00 PM,Punjab,1,0,0,0,1
132,13-03-2020,06:00 PM,Punjab,1,0,0,0,1
145,14-03-2020,06:00 PM,Punjab,1,0,0,0,1
155,15-03-2020,06:00 PM,Punjab,1,0,0,0,1
170,16-03-2020,06:00 PM,Punjab,1,0,0,0,1
185,17-03-2020,06:00 PM,Punjab,1,0,0,0,1
201,18-03-2020,06:00 PM,Punjab,1,0,0,0,1
219,19-03-2020,06:00 PM,Punjab,2,0,0,1,2
239,20-03-2020,06:00 PM,Punjab,2,0,0,1,2
261,21-03-2020,06:00 PM,Punjab,13,0,0,1,13
284,22-03-2020,06:00 PM,Punjab,21,0,0,1,21
307,23-03-2020,06:00 PM,Punjab,21,0,0,1,21
331,24-03-2020,06:00 PM,Punjab,29,0,0,1,29
356,25-03-2020,06:00 PM,Punjab,29,0,0,1,29
386,26-03-2020,06:00 PM,Punjab,33,0,0,1,33
413,27-03-2020,10:00 AM,Punjab,33,0,0,1,33
440,28-03-2020,06:00 PM,Punjab,38,0,1,1,38
467,29-03-2020,07:30 PM,Punjab,0,0,1,1,38
494,30-03-2020,09:30 PM,Punjab,0,0,1,1,38
522,31-03-2020,08:30 PM,Punjab,0,0,1,3,41
552,01-04-2020,07:30 PM,Punjab,0,0,1,3,42
37,03-03-2020,06:00 PM,Rajasthan,0,1,0,0,1
45,04-03-2020,06:00 PM,Rajasthan,1,14,0,0,15
49,05-03-2020,06:00 PM,Rajasthan,1,14,0,0,15
55,06-03-2020,06:00 PM,Rajasthan,1,14,0,0,15
65,07-03-2020,06:00 PM,Rajasthan,1,14,0,0,15
69,08-03-2020,06:00 PM,Rajasthan,1,14,0,0,15
79,09-03-2020,06:00 PM,Rajasthan,1,14,0,0,15
94,10-03-2020,06:00 PM,Rajasthan,1,14,0,0,15
102,11-03-2020,06:00 PM,Rajasthan,1,2,0,0,3
113,12-03-2020,06:00 PM,Rajasthan,1,2,0,0,3
126,13-03-2020,06:00 PM,Rajasthan,1,2,0,0,3
139,14-03-2020,06:00 PM,Rajasthan,1,2,1,0,3
156,15-03-2020,06:00 PM,Rajasthan,2,2,3,0,4
171,16-03-2020,06:00 PM,Rajasthan,2,2,3,0,4
186,17-03-2020,06:00 PM,Rajasthan,2,2,3,0,4
202,18-03-2020,06:00 PM,Rajasthan,2,2,3,0,4
220,19-03-2020,06:00 PM,Rajasthan,5,2,3,0,7
240,20-03-2020,06:00 PM,Rajasthan,15,2,3,0,17
262,21-03-2020,06:00 PM,Rajasthan,15,2,3,0,17
285,22-03-2020,06:00 PM,Rajasthan,22,2,3,0,24
308,23-03-2020,06:00 PM,Rajasthan,26,2,3,0,28
332,24-03-2020,06:00 PM,Rajasthan,30,2,3,0,32
357,25-03-2020,06:00 PM,Rajasthan,34,2,3,0,36
387,26-03-2020,06:00 PM,Rajasthan,39,2,3,0,41
414,27-03-2020,10:00 AM,Rajasthan,39,2,3,0,41
441,28-03-2020,06:00 PM,Rajasthan,52,2,3,0,54
468,29-03-2020,07:30 PM,Rajasthan,0,0,3,0,55
495,30-03-2020,09:30 PM,Rajasthan,0,0,3,0,59
523,31-03-2020,08:30 PM,Rajasthan,0,0,3,0,74
553,01-04-2020,07:30 PM,Rajasthan,0,0,3,0,93
62,07-03-2020,06:00 PM,Tamil Nadu,1,0,0,0,1
68,08-03-2020,06:00 PM,Tamil Nadu,1,0,0,0,1
80,09-03-2020,06:00 PM,Tamil Nadu,1,0,0,0,1
95,10-03-2020,06:00 PM,Tamil Nadu,1,0,0,0,1
106,11-03-2020,06:00 PM,Tamil Nadu,1,0,0,0,1
117,12-03-2020,06:00 PM,Tamil Nadu,1,0,0,0,1
130,13-03-2020,06:00 PM,Tamil Nadu,1,0,0,0,1
143,14-03-2020,06:00 PM,Tamil Nadu,1,0,0,0,1
157,15-03-2020,06:00 PM,Tamil Nadu,1,0,0,0,1
172,16-03-2020,06:00 PM,Tamil Nadu,1,0,0,0,1
187,17-03-2020,06:00 PM,Tamil Nadu,1,0,0,0,1
203,18-03-2020,06:00 PM,Tamil Nadu,1,0,0,0,1
221,19-03-2020,06:00 PM,Tamil Nadu,2,0,1,0,2
241,20-03-2020,06:00 PM,Tamil Nadu,3,0,1,0,3
263,21-03-2020,06:00 PM,Tamil Nadu,3,0,1,0,3
286,22-03-2020,06:00 PM,Tamil Nadu,5,2,1,0,7
309,23-03-2020,06:00 PM,Tamil Nadu,7,2,1,0,9
333,24-03-2020,06:00 PM,Tamil Nadu,13,2,1,0,15
358,25-03-2020,06:00 PM,Tamil Nadu,16,2,1,0,18
388,26-03-2020,06:00 PM,Tamil Nadu,20,6,1,1,26
415,27-03-2020,10:00 AM,Tamil Nadu,23,6,1,1,29
442,28-03-2020,06:00 PM,Tamil Nadu,34,6,2,1,40
469,29-03-2020,07:30 PM,Tamil Nadu,0,0,4,1,49
496,30-03-2020,09:30 PM,Tamil Nadu,0,0,4,1,67
524,31-03-2020,08:30 PM,Tamil Nadu,0,0,4,1,74
554,01-04-2020,07:30 PM,Tamil Nadu,0,0,6,1,234
33,02-03-2020,06:00 PM,Telengana,1,0,0,0,1
36,03-03-2020,06:00 PM,Telengana,1,0,0,0,1
44,04-03-2020,06:00 PM,Telengana,1,0,0,0,1
50,05-03-2020,06:00 PM,Telengana,1,0,0,0,1
57,06-03-2020,06:00 PM,Telengana,1,0,0,0,1
61,07-03-2020,06:00 PM,Telengana,1,0,0,0,1
67,08-03-2020,06:00 PM,Telengana,1,0,0,0,1
81,09-03-2020,06:00 PM,Telengana,1,0,0,0,1
96,10-03-2020,06:00 PM,Telengana,1,0,0,0,1
103,11-03-2020,06:00 PM,Telengana,1,0,0,0,1
114,12-03-2020,06:00 PM,Telengana,1,0,0,0,1
127,13-03-2020,06:00 PM,Telengana,1,0,0,0,1
140,14-03-2020,06:00 PM,Telengana,1,0,0,0,1
158,15-03-2020,06:00 PM,Telengana,3,0,1,0,3
173,16-03-2020,06:00 PM,Telengana,3,0,1,0,3
188,17-03-2020,06:00 PM,Telengana,3,2,1,0,5
204,18-03-2020,06:00 PM,Telengana,4,2,1,0,6
222,19-03-2020,06:00 PM,Telengana,4,2,1,0,6
242,20-03-2020,06:00 PM,Telengana,8,9,1,0,17
264,21-03-2020,06:00 PM,Telengana,10,11,1,0,21
287,22-03-2020,06:00 PM,Telengana,11,11,1,0,22
310,23-03-2020,06:00 PM,Telengana,22,10,1,0,32
334,24-03-2020,06:00 PM,Telengana,25,10,1,0,35
359,25-03-2020,06:00 PM,Telengana,25,10,1,0,35
389,26-03-2020,06:00 PM,Telengana,34,10,1,0,44
416,27-03-2020,10:00 AM,Telengana,35,10,1,0,45
443,28-03-2020,06:00 PM,Telengana,46,10,1,0,56
470,29-03-2020,07:30 PM,Telengana,0,0,1,1,66
497,30-03-2020,09:30 PM,Telengana,0,0,1,1,71
525,31-03-2020,08:30 PM,Telengana,0,0,1,1,79
555,01-04-2020,07:30 PM,Telengana,0,0,1,3,96
501,30-03-2020,09:30 PM,Unassigned,0,0,0,0,46
529,31-03-2020,08:30 PM,Unassigned,0,0,0,0,38
40,04-03-2020,06:00 PM,Uttar Pradesh,6,0,0,0,6
51,05-03-2020,06:00 PM,Uttar Pradesh,7,0,0,0,7
56,06-03-2020,06:00 PM,Uttar Pradesh,7,0,0,0,7
59,07-03-2020,06:00 PM,Uttar Pradesh,7,0,0,0,7
73,08-03-2020,06:00 PM,Uttar Pradesh,7,0,0,0,7
83,09-03-2020,06:00 PM,Uttar Pradesh,7,0,0,0,7
86,10-03-2020,06:00 PM,Uttar Pradesh,7,0,0,0,7
104,11-03-2020,06:00 PM,Uttar Pradesh,9,0,0,0,9
115,12-03-2020,06:00 PM,Uttar Pradesh,10,1,0,0,11
128,13-03-2020,06:00 PM,Uttar Pradesh,10,1,0,0,11
141,14-03-2020,06:00 PM,Uttar Pradesh,11,1,5,0,12
161,15-03-2020,06:00 PM,Uttar Pradesh,12,1,4,0,13
176,16-03-2020,06:00 PM,Uttar Pradesh,12,1,4,0,13
191,17-03-2020,06:00 PM,Uttar Pradesh,14,1,5,0,15
207,18-03-2020,06:00 PM,Uttar Pradesh,15,1,5,0,16
226,19-03-2020,06:00 PM,Uttar Pradesh,18,1,9,0,19
246,20-03-2020,06:00 PM,Uttar Pradesh,22,1,9,0,23
268,21-03-2020,06:00 PM,Uttar Pradesh,23,1,9,0,24
291,22-03-2020,06:00 PM,Uttar Pradesh,26,1,9,0,27
314,23-03-2020,06:00 PM,Uttar Pradesh,30,1,9,0,31
338,24-03-2020,06:00 PM,Uttar Pradesh,32,1,11,0,33
363,25-03-2020,06:00 PM,Uttar Pradesh,36,1,11,0,37
391,26-03-2020,06:00 PM,Uttar Pradesh,40,1,11,0,41
418,27-03-2020,10:00 AM,Uttar Pradesh,40,1,11,0,41
445,28-03-2020,06:00 PM,Uttar Pradesh,54,1,11,0,55
472,29-03-2020,07:30 PM,Uttar Pradesh,0,0,11,0,65
499,30-03-2020,09:30 PM,Uttar Pradesh,0,0,11,0,82
527,31-03-2020,08:30 PM,Uttar Pradesh,0,0,14,0,101
557,01-04-2020,07:30 PM,Uttar Pradesh,0,0,14,2,103
162,15-03-2020,06:00 PM,Uttarakhand,1,0,0,0,1
177,16-03-2020,06:00 PM,Uttarakhand,1,0,0,0,1
192,17-03-2020,06:00 PM,Uttarakhand,1,0,0,0,1
208,18-03-2020,06:00 PM,Uttarakhand,1,0,0,0,1
227,19-03-2020,06:00 PM,Uttarakhand,1,0,0,0,1
247,20-03-2020,06:00 PM,Uttarakhand,3,0,0,0,3
269,21-03-2020,06:00 PM,Uttarakhand,3,0,0,0,3
292,22-03-2020,06:00 PM,Uttarakhand,3,0,0,0,3
315,23-03-2020,06:00 PM,Uttarakhand,3,0,0,0,3
339,24-03-2020,06:00 PM,Uttarakhand,3,1,0,0,4
364,25-03-2020,06:00 PM,Uttarakhand,3,1,0,0,4
390,26-03-2020,06:00 PM,Uttarakhand,4,1,0,0,5
417,27-03-2020,10:00 AM,Uttarakhand,4,1,0,0,5
444,28-03-2020,06:00 PM,Uttarakhand,4,1,0,0,5
471,29-03-2020,07:30 PM,Uttarakhand,0,0,2,0,7
498,30-03-2020,09:30 PM,Uttarakhand,0,0,2,0,7
526,31-03-2020,08:30 PM,Uttarakhand,0,0,2,0,7
556,01-04-2020,07:30 PM,Uttarakhand,0,0,2,0,7
209,18-03-2020,06:00 PM,West Bengal,1,0,0,0,1
228,19-03-2020,06:00 PM,West Bengal,1,0,0,0,1
248,20-03-2020,06:00 PM,West Bengal,2,0,0,0,2
270,21-03-2020,06:00 PM,West Bengal,3,0,0,0,3
293,22-03-2020,06:00 PM,West Bengal,4,0,0,0,4
316,23-03-2020,06:00 PM,West Bengal,7,0,0,0,7
340,24-03-2020,06:00 PM,West Bengal,9,0,0,1,9
365,25-03-2020,06:00 PM,West Bengal,9,0,0,1,9
392,26-03-2020,06:00 PM,West Bengal,10,0,0,1,10
419,27-03-2020,10:00 AM,West Bengal,10,0,0,1,10
446,28-03-2020,06:00 PM,West Bengal,15,0,0,1,15
473,29-03-2020,07:30 PM,West Bengal,0,0,0,1,18
500,30-03-2020,09:30 PM,West Bengal,0,0,0,1,22
528,31-03-2020,08:30 PM,West Bengal,0,0,0,2,26
558,01-04-2020,07:30 PM,West Bengal,0,0,6,3,37
